{"data":{"1":{"id":"2","author":"Kesehatan","comment":"Kesehatan adalah hal yang sangat penting bagi kehidupan manusia, oleh karena itu kita harus menjaga kesehatan kita dengan cara mengkonsumsi makanan yang sehat dan bergizi, serta olahraga yang teratur."},"2":{"id":"3","author":"author 1","comment":"content 1"},"3":{"id":"4","author":"Rafie aydin ihsan","comment":"Petugas"},"4":{"id":null,"author":null,"comment":null},"5":{"id":null,"author":null,"comment":null},"6":{"id":null,"author":null,"comment":null},"7":{"id":null,"author":null,"comment":null},"8":{"id":null,"author":null,"comment":null},"9":{"id":null,"author":null,"comment":null},"10":{"id":null,"author":null,"comment":null},"11":{"id":null,"author":null,"comment":null},"12":{"id":null,"author":null,"comment":null},"13":{"id":null,"author":null,"comment":null},"14":{"id":null,"author":null,"comment":null}}}