{"data":{"1":{"id":"2","author":"Kesehatan","tag":"kesehatan","title":"Kesehatan","content":"Kesehatan adalah hal yang sangat penting bagi kehidupan manusia, oleh karena itu kita harus menjaga kesehatan kita dengan cara mengkonsumsi makanan yang sehat dan bergizi, serta olahraga yang teratur.","created_at":"2021-07-02"},"2":{"id":"3","author":null,"tag":"fwefwef","title":"fwef","content":"fwefwef","created_at":"2024-11-07 10:24:59"},"3":{"id":"4","author":"author 1","tag":"tag 1","title":"title 1","content":"content 1","created_at":"2024-11-07 10:28:46","updated_at":"2024-11-07 10:28:46"},"4":{"id":null,"author":null,"tag":null,"title":null,"content":null,"created_at":"2024-11-21 22:19:14","updated_at":"2024-11-21 22:19:14"},"5":{"id":null,"author":null,"tag":null,"title":null,"content":null,"created_at":"2024-11-21 22:20:58","updated_at":"2024-11-21 22:20:58"},"6":{"id":null,"author":null,"tag":null,"title":null,"content":null,"created_at":"2024-11-21 22:22:36","updated_at":"2024-11-21 22:22:36"},"7":{"id":null,"author":null,"tag":null,"title":null,"content":null,"created_at":"2024-11-21 22:31:39","updated_at":"2024-11-21 22:31:39"},"8":{"id":null,"author":null,"tag":null,"title":null,"content":null,"created_at":"2024-11-21 22:36:12","updated_at":"2024-11-21 22:36:12"},"9":{"id":null,"author":null,"tag":null,"title":null,"content":null,"created_at":"2024-11-21 22:36:48","updated_at":"2024-11-21 22:36:48"},"10":{"id":null,"author":null,"tag":null,"title":null,"content":null,"created_at":"2024-11-21 22:38:12","updated_at":"2024-11-21 22:38:12"},"11":{"id":null,"author":null,"tag":null,"title":null,"content":null,"created_at":"2024-11-21 22:40:13","updated_at":"2024-11-21 22:40:13"},"12":{"id":null,"author":null,"tag":null,"title":null,"content":null,"created_at":"2024-11-21 22:43:28","updated_at":"2024-11-21 22:43:28"},"13":{"id":null,"author":null,"tag":null,"title":null,"content":null,"created_at":"2024-11-21 22:45:51","updated_at":"2024-11-21 22:45:51"},"14":{"id":null,"author":null,"tag":null,"title":null,"content":null,"created_at":"2024-11-21 22:48:44","updated_at":"2024-11-21 22:48:44"}}}