{"data":{"1":{"id":"2","name":"Inventaris 2","description":"Inventaris 2","status":"1","created_at":"2021-07-07 09:00:00","updated_at":"2021-07-07 09:00:00"},"2":{"id":"3","name":"Inventaris 3","description":"Inventaris 3","status":"undefined","created_at":"2021-07-07 09:00:00","updated_at":"2021-07-07 09:00:00"},"3":{"id":"4","name":"Inventaris 4","description":"Inventaris 4","status":"0","created_at":"2024-11-07 21:15:04","updated_at":"2024-11-07 21:15:48"},"4":{"id":"5","name":"inveris 6","description":"inveris 6","status":"0","created_at":"2024-11-07 21:34:01","updated_at":"2024-11-07 21:34:25"},"5":{"id":null,"name":null,"description":null,"status":null,"created_at":"2024-11-21 22:19:14","updated_at":""},"6":{"id":null,"name":null,"description":null,"status":null,"created_at":"2024-11-21 22:20:58","updated_at":""},"7":{"id":null,"name":null,"description":null,"status":null,"created_at":"2024-11-21 22:22:37","updated_at":""},"8":{"id":null,"name":null,"description":null,"status":null,"created_at":"2024-11-21 22:31:39","updated_at":""},"9":{"id":null,"name":null,"description":null,"status":null,"created_at":"2024-11-21 22:36:12","updated_at":""},"10":{"id":null,"name":null,"description":null,"status":null,"created_at":"2024-11-21 22:36:48","updated_at":""},"11":{"id":null,"name":null,"description":null,"status":null,"created_at":"2024-11-21 22:38:12","updated_at":""},"12":{"id":null,"name":null,"description":null,"status":null,"created_at":"2024-11-21 22:40:13","updated_at":""},"13":{"id":null,"name":null,"description":null,"status":null,"created_at":"2024-11-21 22:43:28","updated_at":""},"14":{"id":null,"name":null,"description":null,"status":null,"created_at":"2024-11-21 22:45:51","updated_at":""},"15":{"id":null,"name":null,"description":null,"status":null,"created_at":"2024-11-21 22:48:45","updated_at":""},"16":{"id":null,"name":null,"description":null,"status":null,"created_at":"2024-12-02 21:18:06","updated_at":""},"17":{"id":null,"name":null,"description":null,"status":null,"created_at":"2024-12-02 21:18:40","updated_at":""},"18":{"id":null,"name":null,"description":null,"status":null,"created_at":"2024-12-02 21:19:38","updated_at":""},"19":{"id":null,"name":null,"description":null,"status":null,"created_at":"2024-12-02 21:25:28","updated_at":""},"20":{"id":null,"name":null,"description":null,"status":null,"created_at":"2024-12-02 21:26:34","updated_at":""},"21":{"id":null,"name":null,"description":null,"status":null,"created_at":"2024-12-02 21:27:01","updated_at":""}}}