{"data":{"1":{"id":"2","name":"Inventaris 2","location":"Inventaris 1","langitude":"0","latitude":"0","status":"1","created_at":"2021-07-07 09:00:00","updated_at":"2021-07-07 09:00:00"},"2":{"id":"3","name":"Inventaris 3","location":"Jakarta, Indonesia","langitude":"106.8229198","latitude":"-6.1944491","status":"1","created_at":"2021-07-07 09:00:00","updated_at":"2024-11-08 02:22:35"},"3":{"id":null,"name":null,"location":null,"langitude":null,"latitude":null,"status":null,"created_at":"2024-11-21 22:19:15","updated_at":""},"4":{"id":null,"name":null,"location":null,"langitude":null,"latitude":null,"status":null,"created_at":"2024-11-21 22:20:58","updated_at":""},"5":{"id":null,"name":null,"location":null,"langitude":null,"latitude":null,"status":null,"created_at":"2024-11-21 22:22:37","updated_at":""},"6":{"id":null,"name":null,"location":null,"langitude":null,"latitude":null,"status":null,"created_at":"2024-11-21 22:31:39","updated_at":""},"7":{"id":null,"name":null,"location":null,"langitude":null,"latitude":null,"status":null,"created_at":"2024-11-21 22:36:12","updated_at":""},"8":{"id":null,"name":null,"location":null,"langitude":null,"latitude":null,"status":null,"created_at":"2024-11-21 22:36:48","updated_at":""},"9":{"id":null,"name":null,"location":null,"langitude":null,"latitude":null,"status":null,"created_at":"2024-11-21 22:38:12","updated_at":""},"10":{"id":null,"name":null,"location":null,"langitude":null,"latitude":null,"status":null,"created_at":"2024-11-21 22:40:13","updated_at":""},"11":{"id":null,"name":null,"location":null,"langitude":null,"latitude":null,"status":null,"created_at":"2024-11-21 22:43:28","updated_at":""},"12":{"id":null,"name":null,"location":null,"langitude":null,"latitude":null,"status":null,"created_at":"2024-11-21 22:45:51","updated_at":""},"13":{"id":null,"name":null,"location":null,"langitude":null,"latitude":null,"status":null,"created_at":"2024-11-21 22:48:45","updated_at":""}}}