{"data":{"1":{"id":"2","name":"Proposal 2","description":"Proposal 2","status":"1","file":"public\/asset\/admin\/file\/proposal\/2.pdf","created_at":"2021-07-07 09:00:00","updated_at":"2021-07-07 09:00:00"},"2":{"id":"3","name":"Proposal 3","description":"Proposal 3","status":"undefined","file":"asset\/admin\/proposal\/Proposal 3_672d2ba7aba2a.pdf","created_at":"2021-07-07 09:00:00","updated_at":"2021-07-07 09:00:00"},"3":{"id":"4","name":"Proposal 4","description":"Proposal 4","status":"0","file":"asset\/admin\/proposal\/Proposal 4_672d2e04cdbba.pdf","created_at":"2024-11-07 21:15:04","updated_at":"2024-11-07 21:15:48"},"4":{"id":"5","name":"dqwdwqd","description":"Petugas","status":"1","file":"asset\/admin\/proposal\/dqwdwqd_672d754f63268.pdf","created_at":"2024-11-08 02:19:59","updated_at":""}}}