{"data":{"1":{"id":"2","name":"User","description":"User"},"2":{"id":null,"name":null,"description":null},"3":{"id":null,"name":null,"description":null},"4":{"id":null,"name":null,"description":null},"5":{"id":null,"name":null,"description":null},"6":{"id":null,"name":null,"description":null},"7":{"id":null,"name":null,"description":null},"8":{"id":null,"name":null,"description":null},"9":{"id":null,"name":null,"description":null},"10":{"id":null,"name":null,"description":null},"11":{"id":null,"name":null,"description":null},"12":{"id":null,"name":null,"description":null}}}